feature,coef
sexual,6.343143561057661
female,5.342518961157819
filler,5.3328353397341095
netspeak,4.367564732510872
home,3.5720014224736576
informal,-3.1198068470000826
shehe,-3.04500457113401
nonflu,2.9937953998423863
assent,2.813799034605265
death,-2.636232873810651
